,'KIR3DL1-002','KIR3DL1-008','KIR3DL1-029','KIR3DL1-001','KIR3DL1-005','KIR3DL1-015','KIR3DL1-004','KIR3DL1-009','KIR3DL1-020'
'F4',0.005803441,0.00506199,0.007348109,0.010513638,0.023759557,0.008645701,0.008625444,0.004597419,0.005142992
'S4',-0.005803441,-0.00506199,-0.007348109,-0.010513638,-0.023759557,-0.008645701,-0.008625444,-0.004597419,-0.005142992
'K6',0.022897597,0.021371875,0.013795033,0.022948433,0.002193057,0.014694542,0.015120011,0.024370204,0.025025295
'R6',-0.022897597,-0.021371875,-0.013795033,-0.022948433,-0.002193057,-0.014694542,-0.015120011,-0.024370204,-0.025025295
'D9',0.069511123,0.063464612,0.044504458,0.068067105,0.009249263,0.052055215,0.039989074,0.071211901,0.074755743
'F9',0.030644919,0.02581619,0.016170445,0.019591128,-0.015607711,0.01225999,0.009242002,0.025566061,0.029052081
'H9',0.002857984,-0.002894289,0.003785417,-0.05123135,-0.112445255,-0.001088418,-0.044276212,-0.013097878,-0.006330352
'S9',0.249215953,0.235747475,0.164724097,0.26859478,0.05920574,0.164296481,0.165039441,0.257546003,0.269401908
'T9',-0.055475518,-0.038088456,0.018735223,-0.103940741,-0.048701884,-0.022213067,-0.015470063,-0.055270955,-0.062735209
'Y9',-0.29675446,-0.284045532,-0.24791964,-0.201080922,0.108299847,-0.205310202,-0.154524242,-0.285955133,-0.304144171
'A11',-0.029542965,-0.023865514,0.010087191,-0.040312328,0.187180443,-0.005277299,0.055648535,-0.015753742,-0.036766961
'S11',0.029542965,0.023865514,-0.010087191,0.040312328,-0.187180443,0.005277299,-0.055648535,0.015753742,0.036766961
'M12',-0.181090778,-0.169784218,-0.123435333,-0.150252043,0.113673434,-0.124884149,-0.084206223,-0.182741963,-0.19557825
'V12',0.181090778,0.169784218,0.123435333,0.150252043,-0.113673434,0.124884149,0.084206223,0.182741963,0.19557825
'R14',-0.036508493,-0.033532417,-0.025371725,-0.034959383,-0.009001025,-0.027484032,-0.022764137,-0.037329696,-0.038611844
'W14',0.036508493,0.033532417,0.025371725,0.034959383,0.009001025,0.027484032,0.022764137,0.037329696,0.038611844
'G16',-0.011084458,-0.009501206,-0.005637713,-0.010656192,-0.010042953,-0.00666011,-0.010341559,-0.012346621,-0.011480452
'S16',0.011084458,0.009501206,0.005637713,0.010656192,0.010042953,0.00666011,0.010341559,0.012346621,0.011480452
'R17',0.008986914,0.003360891,-0.015906735,0.028535396,0.014466188,-0.0006808,8.66E-05,0.009938759,0.011313203
'S17',-0.008986914,-0.003360891,0.015906735,-0.028535396,-0.014466188,0.0006808,-8.66E-05,-0.009938759,-0.011313203
'E19',0.013799826,0.014179288,0.00803885,0.017608832,0.005352919,0.005694201,0.015375365,0.017145918,0.016016422
'K19',-0.013799826,-0.014179288,-0.00803885,-0.017608832,-0.005352919,-0.005694201,-0.015375365,-0.017145918,-0.016016422
'H21',-0.010719976,-0.009471282,-0.003322939,-0.022344283,0.033930758,-0.013381269,0.024258075,-0.003232271,-0.013258504
'R21',0.010719976,0.009471282,0.003322939,0.022344283,-0.033930758,0.013381269,-0.024258075,0.003232271,0.013258504
'A24',-0.106197007,-0.092441301,-0.062943367,-0.074925662,0.15993272,-0.095646382,0.036811188,-0.081660236,-0.112718783
'S24',0.086267163,0.086524599,0.043865173,0.125746827,-0.087805047,0.083330106,-0.006463146,0.086217665,0.111844433
'T24',0.019929844,0.005916702,0.019078194,-0.050821165,-0.072127673,0.012316276,-0.030348042,-0.00455743,0.000874349
'D30',-0.005098774,-0.008199458,-0.008709981,-0.000651599,0.013062525,-0.005146378,0.001730699,-0.00682126,-0.007934505
'G30',0.005098774,0.008199458,0.008709981,0.000651599,-0.013062525,0.005146378,-0.001730699,0.00682126,0.007934505
'S31',0.010110346,0.010349971,0.01647729,0.000883118,-0.003695097,0.014592436,-0.000667374,0.006409899,0.009387594
'T31',-0.010110346,-0.010349971,-0.01647729,-0.000883118,0.003695097,-0.014592436,0.000667374,-0.006409899,-0.009387594
'L32',0.025727133,0.014429817,0.019412443,-0.041065031,-0.080101357,0.012943244,-0.03194661,0.005286395,0.012150912
'Q32',-0.025727133,-0.014429817,-0.019412443,0.041065031,0.080101357,-0.012943244,0.03194661,-0.005286395,-0.012150912
'Q35',0.026470747,0.023592982,0.022429461,0.018473346,0.008357872,0.021273507,0.021456781,0.025878127,0.025668519
'R35',-0.026470747,-0.023592982,-0.022429461,-0.018473346,-0.008357872,-0.021273507,-0.021456781,-0.025878127,-0.025668519
'A41',-0.005024132,0.008165323,0.00415681,0.053950954,0.048435292,0.0103019,0.031538029,0.013304709,0.012071625
'T41',0.005024132,-0.008165323,-0.00415681,-0.053950954,-0.048435292,-0.0103019,-0.031538029,-0.013304709,-0.012071625
'P43',0.084259797,0.08252935,0.083517278,0.086053323,0.075023909,0.100576995,0.062767939,0.084884321,0.092289274
'Q43',-0.084259797,-0.08252935,-0.083517278,-0.086053323,-0.075023909,-0.100576995,-0.062767939,-0.084884321,-0.092289274
'K44',0.022731679,0.020189421,0.030462831,0.008854093,-0.003793726,0.037532925,-0.012561745,0.011361897,0.021252444
'R44',-0.022731679,-0.020189421,-0.030462831,-0.008854093,0.003793726,-0.037532925,0.012561745,-0.011361897,-0.021252444
'E45',-0.101006205,-0.095862657,-0.088474533,-0.034087745,-0.103612662,-0.044363372,-0.09981682,-0.112687445,-0.095719554
'G45',0.1573933,0.142874296,0.106193611,0.136944828,0.099912936,0.100350738,0.170882087,0.179175722,0.162924703
'K45',0.00322316,-0.007030506,-0.005341788,-0.05453324,-0.066326265,-0.010888705,-0.038648072,-0.012729961,-0.009935042
'M45',-0.100600415,-0.091290793,-0.072621658,-0.094864223,0.020941655,-0.092886774,-0.068276197,-0.102428012,-0.107364876
'T45',0.040990159,0.05130966,0.060244367,0.04654038,0.049084335,0.047788112,0.035859002,0.048669697,0.050094768
'A46',-0.016340618,-0.008761443,0.010895621,-0.0088109,0.095965564,0.007690221,-0.005508258,-0.017543692,-0.015075602
'E46',0.016340618,0.008761443,-0.010895621,0.0088109,-0.095965564,-0.007690221,0.005508258,0.017543692,0.015075602
'A49',-0.036508493,-0.033532417,-0.025371725,-0.034959383,-0.009001025,-0.027484032,-0.022764137,-0.037329696,-0.038611844
'E49',0.036508493,0.033532417,0.025371725,0.034959383,0.009001025,0.027484032,0.022764137,0.037329696,0.038611844
'I52',-0.1573933,-0.142874296,-0.106193611,-0.136944828,-0.099912936,-0.100350738,-0.170882087,-0.179175722,-0.162924703
'V52',0.1573933,0.142874296,0.106193611,0.136944828,0.099912936,0.100350738,0.170882087,0.179175722,0.162924703
'E56',0.010110346,0.010349971,0.01647729,0.000883118,-0.003695097,0.014592436,-0.000667374,0.006409899,0.009387594
'G56',0.007644105,-0.001849118,-0.038941626,0.048378148,0.028546095,-0.012023101,0.001692813,0.012194316,0.012253637
'R56',-0.017754452,-0.008500853,0.022464336,-0.049261266,-0.024850998,-0.002569336,-0.001025439,-0.018604215,-0.021641231
'E62',0.206842282,0.191903084,0.122199095,0.239574062,0.056323199,0.133554046,0.124170032,0.209719515,0.224198119
'G62',-0.040071678,-0.04904761,-0.090288402,0.020609682,0.06940749,-0.086774688,0.031019835,-0.028155718,-0.044001912
'L62',-0.021546229,-0.015797079,0.012830151,-0.044379282,-0.018586651,0.002828549,-0.020131133,-0.026883901,-0.025409159
'Q62',-0.01567611,-0.00540843,0.067031105,-0.088535958,-0.048499163,0.040367152,-0.038537074,-0.037786794,-0.027495853
'R62',-0.129548264,-0.121649965,-0.111771948,-0.127268504,-0.058644874,-0.089975059,-0.096521661,-0.116893101,-0.127291195
'E63',0.39035017,0.350767559,0.266298171,0.32257779,0.128008019,0.24822726,0.260648321,0.382048719,0.392245375
'N63',-0.368803941,-0.334970481,-0.279128322,-0.278198508,-0.109421368,-0.251055809,-0.240517189,-0.355164818,-0.366836216
'Q63',-0.021546229,-0.015797079,0.012830151,-0.044379282,-0.018586651,0.002828549,-0.020131133,-0.026883901,-0.025409159
'G65',0.196731935,0.181553112,0.105721805,0.238690944,0.060018295,0.11896161,0.124837407,0.203309616,0.214810525
'Q65',0.065458687,0.065858295,0.051026352,0.050391859,-0.019527647,0.067214727,0.025565648,0.073285129,0.078267167
'R65',-0.262190623,-0.247411407,-0.156748157,-0.289082803,-0.040490648,-0.186176337,-0.150403055,-0.276594746,-0.293077692
'I66',-0.111558808,-0.096598315,-0.067399221,-0.104061719,-0.122881922,-0.04688451,-0.147848737,-0.126253534,-0.107831974
'K66',0.313634182,0.276315096,0.097254867,0.384723399,0.145952473,0.11571585,0.281233532,0.360012224,0.34277302
'N66',-0.202075375,-0.179716782,-0.029855646,-0.28066168,-0.023070551,-0.06883134,-0.133384796,-0.23375869,-0.234941047
'C67',0.059172668,0.068354272,0.073269864,0.045258529,-0.062765573,0.069695443,0.005197633,0.059557063,0.07189004
'F67',-0.016999985,-0.009986898,-0.004049213,0.006994919,0.032754128,-0.00465026,0.003063954,-0.010598336,-0.01262456
'M67',0.041532789,0.036860476,0.062953757,0.044515557,0.09075783,0.070895193,0.024640545,0.022961088,0.035274551
'S67',0.041050971,0.040278244,0.041300077,-0.034069317,-0.066929365,0.028173877,-0.048813492,0.027493056,0.039147827
'V67',-0.106991476,-0.102718771,-0.113980109,-0.094907416,-0.071230183,-0.13810992,-0.050206193,-0.096246217,-0.113541718
'Y67',-0.017764966,-0.032787323,-0.059494376,0.032207729,0.077413163,-0.026004333,0.066117553,-0.003166654,-0.020146141
'A69',-0.232074097,-0.236147953,-0.195469933,-0.158020672,-0.027782913,-0.175147039,-0.119232425,-0.255453174,-0.259905234
'R69',0.177017495,0.16245661,0.118425573,0.154453579,0.103354275,0.114099238,0.173414385,0.199538663,0.18609914
'T69',0.055056602,0.073691344,0.07704436,0.003567093,-0.075571362,0.061047801,-0.05418196,0.05591451,0.073806094
'H70',0.173878473,0.164329804,0.11243181,0.18249735,0.010475425,0.105666426,0.09219945,0.173230653,0.186644887
'K70',0.014905711,0.014082025,0.023235003,0.003129789,-0.023692381,0.022618176,0.001189987,0.008747279,0.012945975
'N70',0.055056602,0.073691344,0.07704436,0.003567093,-0.075571362,0.061047801,-0.05418196,0.05591451,0.073806094
'Q70',-0.262641896,-0.268774228,-0.2452021,-0.224855695,-0.005763239,-0.222694671,-0.076409768,-0.249491634,-0.287419063
'S70',0.018801109,0.016671056,0.032490926,0.035661464,0.094551557,0.033362267,0.037202291,0.011599191,0.014022107
'A71',0.029203195,0.008838007,0.006472918,0.08248623,0.150595271,0.039529193,0.116949899,0.02896981,0.01848318
'S71',-0.084259797,-0.08252935,-0.083517278,-0.086053323,-0.075023909,-0.100576995,-0.062767939,-0.084884321,-0.092289274
'T71',0.055056602,0.073691344,0.07704436,0.003567093,-0.075571362,0.061047801,-0.05418196,0.05591451,0.073806094
'A73',0.128813652,0.118325345,0.092299796,0.114881995,0.040730219,0.096241641,0.091364844,0.134496682,0.135202928
'I73',-0.037558962,-0.025909569,0.007595342,-0.067592696,-0.033751249,-0.019696887,-0.009384048,-0.035231754,-0.041395379
'T73',-0.09125469,-0.092415776,-0.099895139,-0.047289299,-0.006978969,-0.076544754,-0.081980796,-0.099264928,-0.093807549
'D74',-0.041703122,-0.040594612,-0.008201109,-0.043968361,-0.066546883,0.003948246,-0.009726926,-0.044198943,-0.045640649
'H74',-0.053069346,-0.060656676,-0.11543122,-0.004538144,-0.00138451,-0.111491254,0.002442989,-0.03515749,-0.052881027
'N74',0.010110346,0.010349971,0.01647729,0.000883118,-0.003695097,0.014592436,-0.000667374,0.006409899,0.009387594
'Y74',0.084662122,0.090901317,0.107155039,0.047623387,0.071626489,0.092950572,0.007951311,0.072946534,0.089134083
'A76',0.004193423,0.007797618,0.057707274,-0.044699957,-0.03053948,0.057115133,-0.049408862,-0.018934556,-0.002185743
'E76',0.164980856,0.163563987,0.135111406,0.222663579,0.051252029,0.166389062,0.040555958,0.145866244,0.186478959
'V76',-0.169174279,-0.171361605,-0.19281868,-0.177963622,-0.020712549,-0.223504194,0.008852905,-0.126931688,-0.184293216
'D77',-0.276379607,-0.266473451,-0.25595218,-0.277221741,-0.124134216,-0.287199415,-0.132653314,-0.257208388,-0.296399087
'G77',-0.007598262,-0.007378298,-0.001519228,-0.01033842,-0.009917289,-0.001213773,-0.005511475,-0.009269077,-0.009139979
'N77',0.502369961,0.475375585,0.445938698,0.482484516,0.292644206,0.447917884,0.316964093,0.483264042,0.518915337
'S77',-0.218392092,-0.201523836,-0.18846729,-0.194924355,-0.1585927,-0.159504696,-0.178799304,-0.216786577,-0.213376271
'G79',-0.331203399,-0.312892608,-0.23739296,-0.373485726,-0.150251983,-0.271742905,-0.20549354,-0.33394831,-0.360813931
'R79',0.331203399,0.312892608,0.23739296,0.373485726,0.150251983,0.271742905,0.20549354,0.33394831,0.360813931
'I80',0.392092756,0.373888148,0.300334046,0.463022509,0.256573937,0.316053818,0.265005453,0.392620615,0.421100235
'K80',0.11838198,0.105798128,0.083346253,0.106389447,0.061302633,0.087988351,0.09718149,0.124238907,0.12115822
'N80',-0.276202021,-0.257712278,-0.238140395,-0.254004235,-0.183719768,-0.212922769,-0.202198973,-0.271810027,-0.276230381
'T80',-0.234272715,-0.221973998,-0.145539904,-0.315407722,-0.134156802,-0.1911194,-0.15998797,-0.245049495,-0.266028073
'A81',0.426809533,0.404840292,0.338414257,0.476243475,0.2826538,0.34748708,0.284114332,0.421526543,0.451032802
'L81',-0.426809533,-0.404840292,-0.338414257,-0.476243475,-0.2826538,-0.34748708,-0.284114332,-0.421526543,-0.451032802
'L82',0.489023439,0.464806758,0.392187102,0.521100513,0.272669117,0.396677323,0.310511023,0.48151943,0.515886092
'R82',-0.489023439,-0.464806758,-0.392187102,-0.521100513,-0.272669117,-0.396677323,-0.310511023,-0.48151943,-0.515886092
'G83',-0.489023439,-0.464806758,-0.392187102,-0.521100513,-0.272669117,-0.396677323,-0.310511023,-0.48151943,-0.515886092
'R83',0.489023439,0.464806758,0.392187102,0.521100513,0.272669117,0.396677323,0.310511023,0.48151943,0.515886092
'A90',-0.065503354,-0.055459896,-0.088520674,-0.011620559,0.022663617,-0.123234848,0.057281562,-0.034922961,-0.062462014
'D90',0.065503354,0.055459896,0.088520674,0.011620559,-0.022663617,0.123234848,-0.057281562,0.034922961,0.062462014
'G91',0.006840568,0.006040353,0.0041752,0.009438433,-0.004746317,0.006954807,-0.00223783,0.005090731,0.007449488
'R91',-0.006840568,-0.006040353,-0.0041752,-0.009438433,0.004746317,-0.006954807,0.00223783,-0.005090731,-0.007449488
'I94',0.012091565,0.021971733,0.070348506,-0.019986661,0.133279907,0.038226484,0.053345301,0.012634446,0.005397003
'T94',-0.012091565,-0.021971733,-0.070348506,0.019986661,-0.133279907,-0.038226484,-0.053345301,-0.012634446,-0.005397003
'I95',-0.148776829,-0.115836904,0.070525622,-0.295220529,0.002413524,0.003421138,-0.112522564,-0.180299451,-0.179966535
'L95',0.35078886,0.32769826,0.175321997,0.417128253,-0.019710533,0.23581668,0.156019323,0.36348142,0.400952668
'V95',-0.088314918,-0.096875783,-0.162621702,-0.024096102,-0.005428988,-0.157933623,-0.006158051,-0.064909924,-0.089454034
'W95',-0.113697113,-0.114985574,-0.083225916,-0.097811622,0.022725996,-0.081304195,-0.037338708,-0.118272046,-0.131532099
'I97',-0.039521186,-0.03361519,0.02829354,-0.098954367,-0.049127188,0.018068203,-0.067405212,-0.063037528,-0.051674255
'M97',0.132344145,0.137611776,0.12871206,0.118871602,0.003780444,0.091123422,0.11138227,0.139066205,0.141222975
'N97',0.022503973,0.021460323,0.024754231,0.013468209,-0.013775092,0.023831949,0.006701462,0.018016357,0.022085953
'R97',-0.081849694,-0.085442571,-0.136357549,-0.073728464,0.040970637,-0.127478612,-0.046964815,-0.053417254,-0.077886474
'S97',-0.05748066,-0.066998244,-0.084554274,-0.012351578,-0.055243175,-0.044394475,-0.069372475,-0.072598193,-0.059913613
'T97',-0.096749,-0.09381201,-0.067871418,-0.062736687,0.026969647,-0.063545347,-0.022565102,-0.09596308,-0.106563845
'V97',0.008348857,0.007314426,0.016063648,0.017532732,0.046892793,0.016520806,0.017801414,0.003856838,0.005658999
'W97',0.112403565,0.11348149,0.090959762,0.097898553,-0.000468066,0.085874055,0.070422458,0.124076655,0.127070259
'C99',0.022897597,0.021371875,0.013795033,0.022948433,0.002193057,0.014694542,0.015120011,0.024370204,0.025025295
'F99',0.286058976,0.262180879,0.161966664,0.325793383,0.079372393,0.182188703,0.180992405,0.29494635,0.309079621
'S99',0.04626723,0.04533701,0.038850911,0.035916135,-0.001279306,0.035838376,0.024959521,0.04761497,0.049778365
'Y99',-0.355223803,-0.328889765,-0.214612608,-0.384657951,-0.080286144,-0.232721621,-0.221071937,-0.366931524,-0.38388328
'D102',0.009042259,0.006131347,-0.005678204,0.018384268,0.007545778,0.001246704,0.003046019,0.01010854,0.010770077
'H102',-0.009042259,-0.006131347,0.005678204,-0.018384268,-0.007545778,-0.001246704,-0.003046019,-0.01010854,-0.010770077
'L103',0.072983477,0.056349578,0.057045199,0.070695474,0.160527644,0.053565698,0.14750267,0.084396099,0.060667419
'M103',-0.007598262,-0.007378298,-0.001519228,-0.01033842,-0.009917289,-0.001213773,-0.005511475,-0.009269077,-0.009139979
'V103',-0.065385215,-0.04897128,-0.055525971,-0.060357054,-0.150610355,-0.052351925,-0.141991195,-0.075127022,-0.05152744
'P105',0.012265412,0.009203612,0.057300066,-0.01505893,0.034809006,0.102528015,-0.06730366,-0.015271799,0.010468246
'S105',-0.012265412,-0.009203612,-0.057300066,0.01505893,-0.034809006,-0.102528015,0.06730366,0.015271799,-0.010468246
'G107',0.088314918,0.096875783,0.162621702,0.024096102,0.005428988,0.157933623,0.006158051,0.064909924,0.089454034
'W107',-0.088314918,-0.096875783,-0.162621702,-0.024096102,-0.005428988,-0.157933623,-0.006158051,-0.064909924,-0.089454034
'F109',-0.105703844,-0.106794978,-0.120678079,-0.09295392,-0.073529893,-0.128186383,-0.076307212,-0.103377189,-0.11339196
'L109',0.105703844,0.106794978,0.120678079,0.09295392,0.073529893,0.128186383,0.076307212,0.103377189,0.11339196
'H113',-0.219918463,-0.213209864,-0.185629343,-0.110112721,0.040237369,-0.136664931,-0.133127715,-0.23414753,-0.227214154
'Y113',0.219918463,0.213209864,0.185629343,0.110112721,-0.040237369,0.136664931,0.133127715,0.23414753,0.227214154
'D114',0.082770171,0.098979678,0.109402161,0.05033469,0.129040558,0.086816774,0.072510481,0.101137745,0.100313536
'E114',-0.008986914,-0.003360891,0.015906735,-0.028535396,-0.014466188,0.0006808,-8.66E-05,-0.009938759,-0.011313203
'H114',0.10895864,0.081678882,-0.067854269,0.213945796,0.035200978,-0.049180615,0.115887044,0.13748595,0.123811397
'N114',-0.03651526,-0.052135917,-0.061531186,0.01310509,-0.037287331,-0.019491601,-0.021890537,-0.049257409,-0.045788851
'Q114',-0.06741949,-0.052610058,0.013455641,-0.119303966,-0.056834432,-0.000462072,-0.081491416,-0.078824232,-0.07336697
'R114',-0.078807147,-0.072551693,-0.009379083,-0.129546213,-0.055653585,-0.018363286,-0.084928995,-0.100603295,-0.093655909
'D116',-0.075305945,-0.0573892,0.076618093,-0.213597957,-0.121028444,0.04527292,-0.142273581,-0.116942867,-0.09718914
'F116',0.154519492,0.152770647,0.13047935,0.142280578,-0.015498464,0.13230623,0.088815295,0.163110975,0.170939712
'H116',-0.008986914,-0.003360891,0.015906735,-0.028535396,-0.014466188,0.0006808,-8.66E-05,-0.009938759,-0.011313203
'L116',-0.13531638,-0.137449816,-0.100206706,-0.128208072,0.025805174,-0.102861166,-0.036396086,-0.138683728,-0.157550832
'S116',0.069505869,0.085735191,0.092322162,0.052722771,0.111928029,0.073095153,0.060718848,0.087395778,0.087365517
'Y116',-0.004416122,-0.040305931,-0.215119636,0.175338076,0.013259893,-0.148493938,0.029222103,0.015058599,0.007747946
'K127',0.040597436,0.015874784,-0.13640634,0.168553056,0.045888345,-0.115666946,0.092214704,0.07701664,0.054091781
'N127',-0.040597436,-0.015874784,0.13640634,-0.168553056,-0.045888345,0.115666946,-0.092214704,-0.07701664,-0.054091781
'R131',0.003501688,-0.024769751,-0.085168029,0.013383967,-0.082872614,-0.060236215,0.003346797,-0.000114023,-0.006238553
'S131',-0.003501688,0.024769751,0.085168029,-0.013383967,0.082872614,0.060236215,-0.003346797,0.000114023,0.006238553
'K138',0.01477851,0.012543566,0.007349228,0.015690105,0.008900888,0.008784788,0.013935232,0.016140084,0.015131866
'M138',-0.084259797,-0.08252935,-0.083517278,-0.086053323,-0.075023909,-0.100576995,-0.062767939,-0.084884321,-0.092289274
'T138',0.069481287,0.069985785,0.07616805,0.070363218,0.066123022,0.091792207,0.048832707,0.068744236,0.077157408
'I142',0.1561345,0.165678328,0.242128145,0.070137888,0.01412995,0.234628555,0.032622703,0.126292976,0.160718744
'T142',-0.1561345,-0.165678328,-0.242128145,-0.070137888,-0.01412995,-0.234628555,-0.032622703,-0.126292976,-0.160718744
'S143',-0.035510539,-0.044050553,-0.051912836,-0.018550025,-0.024576625,-0.030910787,-0.035190146,-0.045583648,-0.041326515
'T143',0.035510539,0.044050553,0.051912836,0.018550025,0.024576625,0.030910787,0.035190146,0.045583648,0.041326515
'K144',-0.035432124,-0.057789522,-0.153760674,0.046171211,0.001190237,-0.128795756,-0.00274815,-0.023098795,-0.036190604
'Q144',0.035432124,0.057789522,0.153760674,-0.046171211,-0.001190237,0.128795756,0.00274815,0.023098795,0.036190604
'H145',-0.1561345,-0.165678328,-0.242128145,-0.070137888,-0.01412995,-0.234628555,-0.032622703,-0.126292976,-0.160718744
'L145',0.001800972,-0.001134817,0.001184979,0.000582286,0.017890973,0.000586805,0.007110043,-0.000574747,-0.002136583
'R145',0.154333527,0.166813145,0.240943167,0.069555602,-0.003761023,0.23404175,0.02551266,0.126867724,0.162855327
'L147',-0.017290367,-0.026880505,-0.03803145,-0.003938405,-0.021726511,-0.017374473,-0.022588566,-0.026500526,-0.022020146
'W147',0.017290367,0.026880505,0.03803145,0.003938405,0.021726511,0.017374473,0.022588566,0.026500526,0.022020146
'A149',0.086710635,0.087501453,0.080038339,0.081276983,0.030488888,0.054883631,0.101807299,0.092212405,0.089222237
'T149',-0.086710635,-0.087501453,-0.080038339,-0.081276983,-0.030488888,-0.054883631,-0.101807299,-0.092212405,-0.089222237
'A150',-0.022731679,-0.020189421,-0.030462831,-0.008854093,0.003793726,-0.037532925,0.012561745,-0.011361897,-0.021252444
'V150',0.022731679,0.020189421,0.030462831,0.008854093,-0.003793726,0.037532925,-0.012561745,0.011361897,0.021252444
'H151',-0.118125958,-0.138536676,-0.213034918,-0.038450572,-0.025515587,-0.164294899,-0.103327768,-0.113427261,-0.121443813
'R151',0.118125958,0.138536676,0.213034918,0.038450572,0.025515587,0.164294899,0.103327768,0.113427261,0.121443813
'A152',0.022158125,0.017355381,0.033946193,-0.003769358,-0.006646297,0.044423597,-0.020397995,0.006678758,0.018022464
'E152',0.017412005,0.02786631,0.020875583,0.004674904,0.062056975,0.037824454,-0.018548355,0.040475647,0.038318598
'R152',0.013307037,0.016099662,0.03110208,-0.005823871,-0.009258065,0.022124058,0.002297953,0.008597419,0.012011784
'T152',0.00158189,0.000699445,-0.001397057,0.001900124,0.003152081,-0.002103717,0.008188924,0.003328144,0.001149059
'V152',-0.042275452,-0.052910216,-0.085808745,0.024846609,-0.040401475,-0.095417571,0.031511378,-0.046953688,-0.055564512
'W152',-0.012183605,-0.009110582,0.001281945,-0.021828408,-0.00890322,-0.006850821,-0.003051906,-0.012126279,-0.013937392
'D156',-0.026612272,-0.03222652,-0.038934599,-0.022290157,-0.039159282,-0.025579852,-0.037023744,-0.034434171,-0.030697569
'L156',-0.109587197,-0.075939936,0.027762148,-0.160788657,-0.011579604,-0.056715107,0.024312953,-0.103293616,-0.125601099
'Q156',0.111164009,0.098707951,0.05408619,0.1343662,0.035466748,0.069267621,0.061155005,0.110693469,0.119561506
'R156',0.144208425,0.129167054,0.101494183,0.137786121,0.024035089,0.124618336,0.06341347,0.13599431,0.151433009
'W156',-0.119172966,-0.119708549,-0.144407921,-0.089073507,-0.008762951,-0.111590996,-0.111857683,-0.108959992,-0.114695846
'A158',-0.048531906,-0.048619687,-0.054152938,-0.043967787,0.017197816,-0.064829752,0.004872979,-0.038571552,-0.053699694
'T158',0.025800227,0.028430266,0.023690107,0.035113693,-0.01340409,0.027296826,0.007688767,0.027209656,0.03244725
'V158',0.022731679,0.020189421,0.030462831,0.008854093,-0.003793726,0.037532925,-0.012561745,0.011361897,0.021252444
'D161',-0.014695111,-0.013231993,-0.007117195,-0.020036896,-0.00768144,-0.010849529,-0.008026983,-0.015029534,-0.016417554
'E161',0.014695111,0.013231993,0.007117195,0.020036896,0.00768144,0.010849529,0.008026983,0.015029534,0.016417554
'D162',-0.020510747,-0.02110705,-0.020228061,-0.011635861,0.000358369,-0.015608286,-0.010004846,-0.021116999,-0.021957048
'G162',0.020510747,0.02110705,0.020228061,0.011635861,-0.000358369,0.015608286,0.010004846,0.021116999,0.021957048
'E163',-0.024751218,-0.042731731,-0.038783263,-0.035705186,-0.070108295,-0.008455903,-0.062223402,-0.054650353,-0.040741962
'L163',-0.072757173,-0.050178,0.003718354,-0.082784749,0.138750427,-0.020649283,-0.018991783,-0.064955524,-0.072205535
'R163',-0.023949824,-0.027228059,0.002200608,-0.044554588,-0.019012984,0.029493492,-0.086921668,-0.046822398,-0.02873312
'T163',0.121458215,0.12013779,0.032864301,0.163044523,-0.049629147,-0.000388306,0.168136853,0.166428275,0.141680617
'D166',0.15961566,0.149966869,0.109359237,0.168968258,0.033965637,0.120549054,0.071006335,0.154431805,0.172837495
'E166',-0.15961566,-0.149966869,-0.109359237,-0.168968258,-0.033965637,-0.120549054,-0.071006335,-0.154431805,-0.172837495
'G167',0.15961566,0.149966869,0.109359237,0.168968258,0.033965637,0.120549054,0.071006335,0.154431805,0.172837495
'S167',-0.000609734,-0.00237585,0.006279365,-0.019643273,-0.002160597,0.002864456,-0.008049671,-0.005655653,-0.005428924
'W167',-0.159005926,-0.147591019,-0.115638601,-0.149324986,-0.03180504,-0.12341351,-0.062956664,-0.148776152,-0.167408571
'G170',0.003909848,0.002265171,0.003095948,0.001470926,0.007737405,0.003077808,0.008393937,0.004061559,0.002385087
'R170',-0.003909848,-0.002265171,-0.003095948,-0.001470926,-0.007737405,-0.003077808,-0.008393937,-0.004061559,-0.002385087
'H171',0.009780538,0.026042564,0.044689111,-0.004612167,-0.042590665,0.027607329,-0.002221557,0.018255064,0.020257095
'Y171',-0.009780538,-0.026042564,-0.044689111,0.004612167,0.042590665,-0.027607329,0.002221557,-0.018255064,-0.020257095
'E173',0.013303095,0.010848087,0.006950291,0.021227079,-0.014343101,0.0151201,-0.009686115,0.007732087,0.014076729
'K173',-0.013303095,-0.010848087,-0.006950291,-0.021227079,0.014343101,-0.0151201,0.009686115,-0.007732087,-0.014076729
'D177',-0.088370743,-0.101266942,-0.122198626,-0.038281208,-0.066454113,-0.075612055,-0.092415301,-0.106537113,-0.094851479
'E177',0.072010343,0.088023931,0.116246454,0.02069098,0.054401144,0.068930985,0.070291146,0.087068885,0.078570553
'K177',0.0163604,0.013243011,0.005952172,0.017590229,0.012052969,0.006681071,0.022124155,0.019468228,0.016280925
'K178',-0.049956622,-0.058763081,-0.070702541,-0.019320428,-0.037529112,-0.039798021,-0.057377424,-0.063289188,-0.054235705
'T178',0.049956622,0.058763081,0.070702541,0.019320428,0.037529112,0.039798021,0.057377424,0.063289188,0.054235705
'E180',-0.088370743,-0.101266942,-0.122198626,-0.038281208,-0.066454113,-0.075612055,-0.092415301,-0.106537113,-0.094851479
'Q180',0.088370743,0.101266942,0.122198626,0.038281208,0.066454113,0.075612055,0.092415301,0.106537113,0.094851479
'A182',0.084259797,0.08252935,0.083517278,0.086053323,0.075023909,0.100576995,0.062767939,0.084884321,0.092289274
'T182',-0.084259797,-0.08252935,-0.083517278,-0.086053323,-0.075023909,-0.100576995,-0.062767939,-0.084884321,-0.092289274
'D183',-0.190922659,-0.17561833,-0.131989536,-0.16431364,-0.098535908,-0.126116676,-0.180415911,-0.212189842,-0.199799236
'E183',0.190922659,0.17561833,0.131989536,0.16431364,0.098535908,0.126116676,0.180415911,0.212189842,0.199799236
