'F4',0.008140235117865,0.008209863186717,0.00745858517185,0.008609322330714,0.007333419456564,0.005950035927765,0.009799168738828,0.008285557869726,0.008067119712147
'S4',-0.008140235117865,-0.008209863186717,-0.00745858517185,-0.008609322330714,-0.007333419456564,-0.005950035927765,-0.009799168738828,-0.008285557869726,-0.008067119712147
'K6',0.001173936548112,0.001079259553444,-0.001719986733839,0.002454377463301,0.003310933016459,-0.000791522684421,0.006044666162773,0.003036223117667,0.002157965062996
'R6',-0.001173936548112,-0.001079259553444,0.001719986733839,-0.002454377463301,-0.003310933016459,0.000791522684421,-0.006044666162773,-0.003036223117667,-0.002157965062996
'D9',0.006722764688866,0.006580780043258,-0.003162044464575,0.011021639732656,0.008558924205667,-0.00022325560381,0.022142396300837,0.013304223250816,0.010697250520355
'F9',-0.012895515703007,-0.013569464838414,-0.010709258381891,-0.014895616907133,-0.033275076345586,-0.006590563923121,-0.021963922972039,-0.015877891388661,-0.014752276409217
'H9',-0.022886543488872,-0.024191297290325,-0.017334274962759,-0.028261293622497,-0.007121994239925,-0.014280532828459,-0.040461067036847,-0.027182543624653,-0.024626177253204
'S9',0.040887390012694,0.039909640563016,0.025561697752028,0.043191456316504,0.015056712363497,0.026100435045107,0.046232826387248,0.044671963554047,0.0433428011146
'T9',-0.015525805751209,-0.015784235947683,-0.00823865542648,-0.018165896593922,-0.036266549370107,-0.00962899971078,-0.023852527240373,-0.018865547793879,-0.017867022927648
'Y9',0.003697710241527,0.007054577470148,0.013882535483678,0.007109711074392,0.053047983386454,0.004622917021063,0.017902294561175,0.00394979600233,0.003205424955114
'A11',0.058904403172167,0.05944681709002,0.043078923341866,0.075162237259651,0.146734559408608,0.034379615351381,0.123414363736187,0.080450835672741,0.069875844380375
'S11',-0.058904403172167,-0.05944681709002,-0.043078923341866,-0.075162237259651,-0.146734559408608,-0.034379615351381,-0.123414363736187,-0.080450835672741,-0.069875844380375
'M12',0.027230973553798,0.027816722556664,0.044665029854344,0.022150304530199,0.101186911506809,0.033504308195779,0.008909823259591,0.018648875825222,0.022025660566467
'V12',-0.027230973553798,-0.027816722556664,-0.044665029854344,-0.022150304530199,-0.101186911506809,-0.033504308195779,-0.008909823259591,-0.018648875825222,-0.022025660566467
'R14',-0.006746939081237,-0.006697532154475,-0.002268198618299,-0.0085470113641,-0.003673056847278,-0.002845780901756,-0.012891632360935,-0.009379764813594,-0.008437217353762
'W14',0.006746939081237,0.006697532154475,0.002268198618299,0.0085470113641,0.003673056847278,0.002845780901756,0.012891632360935,0.009379764813594,0.008437217353762
'G16',-0.003820001958875,-0.003871324025185,-0.001104670005578,-0.005698111399786,-0.004475382933181,-0.001015311718188,-0.01104588005723,-0.006336875488316,-0.005192105753366
'S16',0.003820001958875,0.003871324025185,0.001104670005578,0.005698111399786,0.004475382933181,0.001015311718188,0.01104588005723,0.006336875488316,0.005192105753366
'R17',0.006420580405089,0.006674999373764,0.004234622827087,0.007262566960696,0.012861402066305,0.0038120877273,0.009272393387189,0.007352381052051,0.007189943339203
'S17',-0.006420580405089,-0.006674999373764,-0.004234622827087,-0.007262566960696,-0.012861402066305,-0.0038120877273,-0.009272393387189,-0.007352381052051,-0.007189943339203
'E19',0.004583910716858,0.004535168713397,0.00330388155279,0.004966839487619,0.007959754442456,0.002757485777114,0.006295626938459,0.005317727629135,0.004995715681057
'K19',-0.004583910716858,-0.004535168713397,-0.00330388155279,-0.004966839487619,-0.007959754442456,-0.002757485777114,-0.006295626938459,-0.005317727629135,-0.004995715681057
'H21',0.007430667997536,0.007714796964287,-0.00013968930746,0.01566177195456,0.016190772337881,-0.001995595040437,0.041564177529081,0.018566793149258,0.012813063616146
'R21',-0.007430667997536,-0.007714796964287,0.00013968930746,-0.01566177195456,-0.016190772337881,0.001995595040437,-0.041564177529081,-0.018566793149258,-0.012813063616146
'A24',0.025644289429812,0.027167974805716,0.027411369046921,0.032728176028365,-0.019552254956174,0.020342987945067,0.049336291367255,0.030044805677676,0.026935324060724
'S24',-0.031343447746517,-0.031477958989202,-0.038128308215541,-0.034096027627386,0.009702005545011,-0.027332884598633,-0.042044065757459,-0.032711146786818,-0.031931492837799
'T24',0.005699158316706,0.004309984183486,0.01071693916862,0.001367851599021,0.009850249411163,0.006989896653565,-0.007292225609795,0.002666341109142,0.004996168777075
'D30',0.004480857677759,0.004552355391163,0.003514364486937,0.005242437348158,-0.001034535489795,0.002925862884271,0.007300391754178,0.005350021440472,0.005063987027554
'G30',-0.004480857677759,-0.004552355391163,-0.003514364486937,-0.005242437348158,0.001034535489795,-0.002925862884271,-0.007300391754178,-0.005350021440472,-0.005063987027554
'S31',-0.002275422299833,-0.002435830438208,-0.001702651314965,-0.002801497771508,-0.006915278117375,-0.000952354825891,-0.004745538839913,-0.002889300756373,-0.002659344133763
'T31',0.002275422299833,0.002435830438208,0.001702651314965,0.002801497771508,0.006915278117375,0.000952354825891,0.004745538839913,0.002889300756373,0.002659344133763
'L32',-0.00403422833984,-0.005366804573565,0.001251011173463,-0.007964996922463,0.005542619080098,-0.00056568074032,-0.015530603736051,-0.00667376663956,-0.004930555534164
'Q32',0.00403422833984,0.005366804573565,-0.001251011173463,0.007964996922463,-0.005542619080098,0.00056568074032,0.015530603736051,0.00667376663956,0.004930555534164
'Q35',0.003113033002665,0.00294253239412,-0.001769922690182,0.005698741118075,-0.001629253559193,-0.000147325009846,0.012477337260133,0.007003692017832,0.005403338743626
'R35',-0.003113033002665,-0.00294253239412,0.001769922690182,-0.005698741118075,0.001629253559193,0.000147325009846,-0.012477337260133,-0.007003692017832,-0.005403338743626
'A41',-0.007801812163055,-0.006694655438202,-0.013277051301107,-0.004860485318921,-0.012540063439052,-0.009886819701928,0.001236684211597,-0.007031062532724,-0.008642500922094
'T41',0.007801812163055,0.006694655438202,0.013277051301107,0.004860485318921,0.012540063439052,0.009886819701928,-0.001236684211597,0.007031062532724,0.008642500922094
'P43',0.035910174490396,0.035671167915281,0.01399018727264,0.04750430977535,0.138936159946473,0.012820892264607,0.084613752228999,0.054142335790044,0.045339801152642
'Q43',-0.035910174490396,-0.035671167915281,-0.01399018727264,-0.04750430977535,-0.138936159946473,-0.012820892264607,-0.084613752228999,-0.054142335790044,-0.045339801152642
'K44',-0.0054649711793,-0.005646484053619,-0.004982486143438,-0.00647362546158,-0.014800379818236,-0.002633539614951,-0.01108957378482,-0.007049143900835,-0.006327420433674
'R44',0.0054649711793,0.005646484053619,0.004982486143438,0.00647362546158,0.014800379818236,0.002633539614951,0.01108957378482,0.007049143900835,0.006327420433674
'E45',-0.048676315909758,-0.048516480681748,-0.040945627412407,-0.0591438974589,-0.006570628385886,-0.032580638980196,-0.086214610376747,-0.062320276029234,-0.056431749741479
'G45',0.03674721627741,0.036670193862793,-0.00434050933027,0.062551245684669,0.053923769051367,0.000245653205761,0.136977208165369,0.072514591330253,0.05607302886766
'K45',-0.004374999964384,-0.005444381442057,0.001252891226409,-0.007279108174275,0.004600120788918,0.000235764155085,-0.013171074337793,-0.005209043784585,-0.003889911439321
'M45',-0.013644497350702,-0.012984417000386,0.013550095400176,-0.024676081374568,-0.085191066101306,0.007008641735621,-0.059602212703968,-0.03364994983611,-0.025670566318862
'T45',0.029948596947433,0.030275085261398,0.030483150116092,0.028547841323074,0.033237804646907,0.025090579883729,0.022010689253139,0.028664678319676,0.029919198632002
'A46',0.022265677139694,0.022686750914895,0.027540282672815,0.022828228400782,0.053745093845167,0.019829534000227,0.025011539525031,0.020492385953935,0.019669234833781
'E46',-0.022265677139694,-0.022686750914895,-0.027540282672815,-0.022828228400782,-0.053745093845167,-0.019829534000227,-0.025011539525031,-0.020492385953935,-0.019669234833781
'A49',-0.006746939081237,-0.006697532154475,-0.002268198618299,-0.0085470113641,-0.003673056847278,-0.002845780901756,-0.012891632360935,-0.009379764813594,-0.008437217353762
'E49',0.006746939081237,0.006697532154475,0.002268198618299,0.0085470113641,0.003673056847278,0.002845780901756,0.012891632360935,0.009379764813594,0.008437217353762
'I52',-0.03674721627741,-0.036670193862793,0.00434050933027,-0.062551245684669,-0.053923769051367,-0.000245653205761,-0.136977208165369,-0.072514591330253,-0.05607302886766
'V52',0.03674721627741,0.036670193862793,-0.00434050933027,0.062551245684669,0.053923769051367,0.000245653205761,0.136977208165369,0.072514591330253,0.05607302886766
'E56',-0.002275422299833,-0.002435830438208,-0.001702651314965,-0.002801497771508,-0.006915278117375,-0.000952354825891,-0.004745538839913,-0.002889300756373,-0.002659344133763
'G56',0.011927045220916,0.012448584101415,0.007729228382354,0.013756060931539,0.026940975725155,0.00684642173271,0.018513877153038,0.014017053280003,0.013536440314628
'R56',-0.009651622921083,-0.010012753663207,-0.006026577067389,-0.010954563160032,-0.02002569760778,-0.005894066906819,-0.013768338313125,-0.01112775252363,-0.010877096180864
'E62',0.036386318061677,0.035651479519944,0.026980698385456,0.035771229877231,0.012790703517604,0.02647646591545,0.030539793940417,0.035901827658703,0.036561057624827
'G62',0.01854074283478,0.018612315576107,0.021397238437902,0.018275953608753,0.018204472155674,0.016348503426938,0.019539521106204,0.01654265199605,0.016851865481593
'L62',-0.007003008994754,-0.006956518803676,-0.003548208720432,-0.008303344897772,-0.022006099782084,-0.003938829429977,-0.012172094275608,-0.008838378861201,-0.008083981639838
'Q62',-0.025180695710604,-0.025825171590766,-0.016653624245459,-0.029308835625522,-0.065144638273563,-0.014078436188557,-0.042065105383686,-0.031169976395279,-0.029161794799555
'R62',-0.0227433561911,-0.021482104701609,-0.028176103857466,-0.016435002962689,0.05615556238237,-0.024807703723854,0.004157884612672,-0.012436124398273,-0.016167146667027
'E63',0.075777761884153,0.073012358257979,0.044172700861096,0.091616707711853,0.058579482126328,0.041314851788568,0.137739574145065,0.099373941695211,0.087964301908242
'N63',-0.068774752889399,-0.066055839454303,-0.040624492140664,-0.083313362814081,-0.036573382344244,-0.03737602235859,-0.125567479869457,-0.09053556283401,-0.079880320268405
'Q63',-0.007003008994754,-0.006956518803676,-0.003548208720432,-0.008303344897772,-0.022006099782084,-0.003938829429977,-0.012172094275608,-0.008838378861201,-0.008083981639838
'G65',0.03866174036151,0.038087309958152,0.028683349700421,0.038572727648738,0.019705981634978,0.027428820741341,0.03528533278033,0.038791128415076,0.03922040175859
'Q65',0.001267855925913,0.000830264163435,-0.019333156720793,0.011555823944399,0.112867455238151,-0.012594643475233,0.044158601744177,0.019479083458985,0.011578590874475
'R65',-0.039929596287423,-0.038917574121587,-0.009350192979628,-0.050128551593137,-0.13257343687313,-0.014834177266108,-0.079443934524508,-0.058270211874061,-0.050798992633065
'I66',-0.03539322158728,-0.035782110424956,-0.014754412077212,-0.05146280112203,0.054796096789475,-0.012433946016585,-0.094799426452242,-0.053511862605222,-0.04445309835707
'K66',0.061466134631917,0.060940920654222,0.016340199597914,0.08484087433614,0.068983119857834,0.021434820997368,0.149563877204951,0.093408806685617,0.079275108046267
'N66',-0.026072913044637,-0.025158810229266,-0.001585787520701,-0.033378073214109,-0.12377921664731,-0.009000874980783,-0.054764450752709,-0.039896944080396,-0.034822009689197
'C67',-0.010011467536893,-0.010272333806393,-0.009800149157962,-0.014495591664477,0.004180624911206,-0.008041730754719,-0.027183093021128,-0.016009517335762,-0.01343065624061
'F67',0.015432641866058,0.01588579870247,0.017345726179579,0.013510827710812,0.01976559440122,0.015264438038814,0.005573977806789,0.0137226969816,0.015478359126112
'M67',0.029177347385183,0.029194419698228,0.028340857849995,0.029474860369371,0.011268324890085,0.022781996124889,0.029365576700002,0.027614108430225,0.027433789844493
'S67',-0.000656330960233,-0.001786212498356,0.01070655701133,-0.006263159478161,0.037444216277934,0.00740812919646,-0.020682858413352,-0.004295569864488,-0.001857835904953
'V67',-0.030445203311097,-0.030024683861662,-0.009007701129202,-0.041030684313769,-0.124135780128237,-0.010187352649656,-0.073524178444179,-0.047093191889209,-0.039012380718968
'Y67',-0.00349698744302,-0.002996988234286,-0.037585290753741,0.018803747376224,0.051477019647791,-0.027225479955788,0.086450575371867,0.026061473677635,0.011388723893926
'A69',-0.038238078907105,-0.037618006423791,-0.012519884760468,-0.053645948156982,-0.125753439925188,-0.014212372799427,-0.096164731674738,-0.064790825205517,-0.053992135098113
'R69',0.036661077513194,0.036612374588391,-0.004578744643581,0.063018625066429,0.058071358448676,-0.000160697458647,0.138958028196419,0.072990946064206,0.056031689231545
'T69',0.001577001393911,0.0010056318354,0.017098629404048,-0.009372676909447,0.067682081476512,0.014373070258074,-0.042793296521682,-0.00820012085869,-0.002039554133432
'H70',0.017254920954933,0.016458271001106,0.019135557387343,0.011027154029817,-0.054348028755414,0.018848251578891,-0.011736520702412,0.008350218705009,0.012865442087836
'K70',-0.00210265384635,-0.002384671254716,-0.002560112132486,-0.0034926337199,-0.002689814027888,-0.002896923048363,-0.006055541398198,-0.004364721423582,-0.003646332145019
'N70',0.001577001393911,0.0010056318354,0.017098629404048,-0.009372676909447,0.067682081476512,0.014373070258074,-0.042793296521682,-0.00820012085869,-0.002039554133432
'Q70',-0.051371587066977,-0.049920135333637,-0.066997418652337,-0.034110329231421,-0.036712943401532,-0.055739934528442,0.02013020813747,-0.030448628753797,-0.040940766087553
'S70',0.034642318564483,0.034840903751846,0.033323343993432,0.035948485830951,0.026068704708321,0.02541553573984,0.040455150484822,0.03466325233106,0.033761210278168
'A71',0.034333173096485,0.034665536079881,-0.003108442131409,0.056876986684797,0.07125407846996,-0.001552177993468,0.12740704875068,0.062342456648734,0.047379355286074
'S71',-0.035910174490396,-0.035671167915281,-0.01399018727264,-0.04750430977535,-0.138936159946473,-0.012820892264607,-0.084613752228999,-0.054142335790044,-0.045339801152642
'T71',0.001577001393911,0.0010056318354,0.017098629404048,-0.009372676909447,0.067682081476512,0.014373070258074,-0.042793296521682,-0.00820012085869,-0.002039554133432
'A73',0.023942677129548,0.023796689806292,0.003569450056869,0.034293434158196,0.020126244074832,0.006228063895159,0.061913122598748,0.038703166053578,0.032613448437956
'I73',-0.010168746180117,-0.010299977906199,-0.005440710617608,-0.011780750921563,-0.021620764357367,-0.006490172296284,-0.015055830488108,-0.012194828688371,-0.011585788689961
'T73',-0.01377393094943,-0.013496711900092,0.001871260560739,-0.022512683236633,0.001494520282535,0.000262108401125,-0.04685729211064,-0.026508337365208,-0.021027659747995
'D74',-0.046722452825773,-0.046106903460742,-0.061922614759491,-0.038951944750296,-0.089032226445822,-0.048980581891574,-0.016925200828162,-0.038290640465323,-0.042764344811887
'H74',-0.007961340611838,-0.008018724989022,-0.00446752038368,-0.009063209891484,-0.000530813096084,-0.003116996385137,-0.011116460639789,-0.009835042465284,-0.008842225084428
'N74',-0.002275422299833,-0.002435830438208,-0.001702651314965,-0.002801497771508,-0.006915278117375,-0.000952354825891,-0.004745538839913,-0.002889300756373,-0.002659344133763
'Y74',0.056959215737443,0.056561458887972,0.068092786458137,0.050816652413288,0.09647831765928,0.053049933102601,0.032787200307864,0.05101498368698,0.054265914030078
'A76',-0.016691492879076,-0.016768542468902,-0.011161919683614,-0.01984733779495,-0.051081170534908,-0.008522929353914,-0.031899509811673,-0.021339073155829,-0.01919076205499
'E76',0.051252371130516,0.050495108368473,0.060138689860032,0.035871527043001,0.095217158921682,0.050785741274568,-0.009130298112165,0.032487258575969,0.041403379271932
'V76',-0.034560878251441,-0.033726565899571,-0.048976770176418,-0.016024189248051,-0.044135988386773,-0.042262811920655,0.041029807923838,-0.01114818542014,-0.022212617216942
'D77',-0.057376246927216,-0.056784965748549,-0.032126469630662,-0.065630720527537,-0.091012609091313,-0.032754145011623,-0.085474460770471,-0.070832848898244,-0.064710023952176
'G77',-0.002443425470894,-0.002462248123208,-0.002558232079541,-0.002806744971712,-0.003632312319068,-0.002095478152958,-0.00369601199994,-0.002899998568607,-0.002605688050176
'N77',0.171852094178632,0.17155776105598,0.137796205075024,0.182104444482962,0.069610816551647,0.118728523912553,0.199248339913744,0.186001859781994,0.18202888905923
'S77',-0.112032421780522,-0.112310547184224,-0.103111503364821,-0.113666978983713,0.025034104858733,-0.083878900747972,-0.110077867143333,-0.112269012315143,-0.114713177056878
'G79',-0.08755482700159,-0.086880277210037,-0.054260689181362,-0.098654369120679,-0.155657478536858,-0.049564868172335,-0.130077577518527,-0.105177612681603,-0.097308027483647
'R79',0.08755482700159,0.086880277210037,0.054260689181362,0.098654369120679,0.155657478536858,0.049564868172335,0.130077577518527,0.105177612681603,0.097308027483647
'I80',0.145613965893594,0.145752247252387,0.126819951323166,0.146342574340761,0.084701606574626,0.107408006343115,0.139870129122453,0.145872960004086,0.147226001290348
'K80',0.033118808801741,0.033195831065609,0.010423655011055,0.045643935636887,0.022109298806238,0.01150824393302,0.079403870126431,0.050957729046609,0.043760489109969
'N80',-0.127458759401099,-0.127894594644035,-0.117256887652663,-0.129051055652017,0.024386455584258,-0.095289534067318,-0.123952371652472,-0.127413159360233,-0.130066689679468
'T80',-0.051274015294236,-0.05105348367396,-0.019986718681557,-0.062935454325631,-0.131197360965122,-0.023626716208817,-0.095321627596412,-0.069417529690461,-0.060919800720848
'A81',0.170492494234423,0.170487314172258,0.151380598000336,0.171456140320578,0.101599298721294,0.126093667009207,0.165868331542398,0.171226758977732,0.172685633607012
'L81',-0.170492494234423,-0.170487314172258,-0.151380598000336,-0.171456140320578,-0.101599298721294,-0.126093667009207,-0.165868331542398,-0.171226758977732,-0.172685633607012
'L82',0.181894777600948,0.181579040788464,0.161093921822971,0.182061489135809,0.109161724146362,0.133346158306633,0.174626079044568,0.181633042995228,0.183614228053146
'R82',-0.181894777600948,-0.181579040788464,-0.161093921822971,-0.182061489135809,-0.109161724146362,-0.133346158306633,-0.174626079044568,-0.181633042995228,-0.183614228053146
'G83',-0.181894777600948,-0.181579040788464,-0.161093921822971,-0.182061489135809,-0.109161724146362,-0.133346158306633,-0.174626079044568,-0.181633042995228,-0.183614228053146
'R83',0.181894777600948,0.181579040788464,0.161093921822971,0.182061489135809,0.109161724146362,0.133346158306633,0.174626079044568,0.181633042995228,0.183614228053146
'A90',0.009472001423372,0.008676645613987,0.015767969500115,0.006712234478571,0.065141349922927,0.010036950713121,0.006585617187074,0.006891449642864,0.006677966287312
'D90',-0.009472001423372,-0.008676645613987,-0.015767969500115,-0.006712234478571,-0.065141349922927,-0.010036950713121,-0.006585617187074,-0.006891449642864,-0.006677966287312
'G91',-0.000287558857069,-0.000351732473454,0.000694291301251,-0.001851684191446,-0.00271087816001,0.001164680215929,-0.007026789815058,-0.002448614330736,-0.00127386929904
'R91',0.000287558857069,0.000351732473454,-0.000694291301251,0.001851684191446,0.00271087816001,-0.001164680215929,0.007026789815058,0.002448614330736,0.00127386929904
'I94',0.056153375524784,0.056715395529086,0.053788176526243,0.063763285070005,0.062932884496358,0.036828501323171,0.089381632807026,0.064714542387463,0.059034515107562
'T94',-0.056153375524784,-0.056715395529086,-0.053788176526243,-0.063763285070005,-0.062932884496358,-0.036828501323171,-0.089381632807026,-0.064714542387463,-0.059034515107562
'I95',0.002793665181751,0.004068732057687,0.02460115037884,0.00060700006284,-0.09332047570295,0.007928501427851,-0.005298503498461,-0.003513538407843,-0.001999570224851
'L95',-0.001689118343346,-0.002908871966174,-0.03267826266508,0.005605182422988,0.071121590228492,-0.017524121903697,0.026112973903191,0.010813196547756,0.004422047983895
'V95',-0.012448315840654,-0.012416221532258,-0.006962383762953,-0.014138467909472,-0.003181631372045,-0.005436450543177,-0.017293118915322,-0.015349865971001,-0.01384806998586
'W95',0.011343769002249,0.011256361440744,0.015039496049193,0.007926285423644,0.025380516846503,0.015032071019023,-0.003521351489408,0.008050207831088,0.011425592226816
'I97',-0.032662807638853,-0.033057973701199,-0.023821177151229,-0.0366101531755,-0.065618057756358,-0.018632738850019,-0.050192687541126,-0.038547830127857,-0.036205317502247
'M97',0.022278653487011,0.021382356341119,0.022019059561586,0.018286310405292,-0.02898453617722,0.018015350383723,0.006303408028806,0.017101299004591,0.019218673925922
'N97',0.000340771624544,7.76E-05,-1.88E-06,-0.000685888748188,0.00094249829118,-0.000801444895405,-0.002359529398258,-0.001464722854975,-0.001040644094843
'R97',0.009104841687921,0.010547158444632,0.008180488823156,0.018639711109073,0.069504284284689,0.001882624783767,0.047801875524311,0.020035639111095,0.014917611178415
'S97',-0.028057645929515,-0.028018324374632,-0.023127896378869,-0.032415031627199,-0.023165022130491,-0.018224057416144,-0.042703233567171,-0.031565910085921,-0.029666071486256
'T97',0.009941877063657,0.010250798667892,0.012009698416269,0.007008163150307,0.014906302888659,0.012117627785095,-0.003365247359391,0.006736240665161,0.009712026504021
'V97',0.017229749333411,0.01731221483,0.017103063691835,0.017588993691094,0.011775064922137,0.012866660763363,0.019251749817762,0.016912067800423,0.016547625444882
'W97',0.001824560371824,0.001506192923696,-0.012361356909802,0.008187895195121,0.020639465677404,-0.00722402255438,0.025263664495068,0.010793216487484,0.006516096030106
'C99',0.001173936548112,0.001079259553444,-0.001719986733839,0.002454377463301,0.003310933016459,-0.000791522684421,0.006044666162773,0.003036223117667,0.002157965062996
'F99',0.053206652093692,0.052375448619417,0.031702161761971,0.057597366815763,0.037591265907497,0.032205411472516,0.066020013525943,0.059384902400116,0.05736511866768
'S99',0.005696131570739,0.005531528093187,0.001978079976434,0.006995007408583,0.005753033143248,0.002047190059696,0.010458062928601,0.007745784794377,0.006899682230551
'Y99',-0.060076720212543,-0.058986236266048,-0.031960255004566,-0.067046751687647,-0.046655232067204,-0.033461078847791,-0.082522742617316,-0.07016691031216,-0.066422765961228
'D102',0.002700209055411,0.00276479369778,0.001411540476937,0.003216018297097,0.007362853285758,0.001584766159687,0.004421971230374,0.003357383675362,0.003164000757049
'H102',-0.002700209055411,-0.00276479369778,-0.001411540476937,-0.003216018297097,-0.007362853285758,-0.001584766159687,-0.004421971230374,-0.003357383675362,-0.003164000757049
'L103',0.062066078823122,0.061911495368369,0.027144339554317,0.082462181309284,0.088548605362153,0.026756863953914,0.140175766347187,0.088782630273069,0.07714429447799
'M103',-0.002443425470894,-0.002462248123208,-0.002558232079541,-0.002806744971712,-0.003632312319068,-0.002095478152958,-0.00369601199994,-0.002899998568607,-0.002605688050176
'V103',-0.059622653352228,-0.059449247245162,-0.024586107474776,-0.079655436337572,-0.084916293043085,-0.024661385800955,-0.136479754347247,-0.085882631704462,-0.074538606427814
'P105',0.012203354333729,0.013220706118786,0.001596379899172,0.019411785393808,0.059663259899965,0.000840462813469,0.039244084321018,0.022266673280309,0.017855376107725
'S105',-0.012203354333729,-0.013220706118786,-0.001596379899172,-0.019411785393808,-0.059663259899965,-0.000840462813469,-0.039244084321018,-0.022266673280309,-0.017855376107725
'G107',0.012448315840654,0.012416221532258,0.006962383762953,0.014138467909472,0.003181631372045,0.005436450543177,0.017293118915322,0.015349865971001,0.01384806998586
'W107',-0.012448315840654,-0.012416221532258,-0.006962383762953,-0.014138467909472,-0.003181631372045,-0.005436450543177,-0.017293118915322,-0.015349865971001,-0.01384806998586
'F109',-0.039846561176979,-0.039450096098087,-0.018357480657154,-0.050789365209059,-0.131462298825389,-0.015715530843332,-0.086266569904934,-0.057220119811071,-0.04860655271276
'L109',0.039846561176979,0.039450096098087,0.018357480657154,0.050789365209059,0.131462298825389,0.015715530843332,0.086266569904934,0.057220119811071,0.04860655271276
'H113',-0.014734498290208,-0.013967418062458,0.002338256436559,-0.024391063319217,0.058793364303837,0.001556385248528,-0.048824236259466,-0.026771563280208,-0.021788736315559
'Y113',0.014734498290208,0.013967418062458,-0.002338256436559,0.024391063319217,-0.058793364303837,-0.001556385248528,0.048824236259466,0.026771563280208,0.021788736315559
'D114',0.025436460780433,0.025921185709572,0.011393499854053,0.041621364592281,0.107947879372238,0.005342035043638,0.091684557330089,0.044760633044584,0.032327516696092
'E114',-0.006420580405089,-0.006674999373764,-0.004234622827087,-0.007262566960696,-0.012861402066305,-0.0038120877273,-0.009272393387189,-0.007352381052051,-0.007189943339203
'H114',0.025472135123598,0.024719942053106,0.022663267796766,0.021940153320277,0.017894353550203,0.021333371812139,0.012325564435606,0.019640236266486,0.022669468851263
'N114',0.006547784296231,0.006190152798961,-0.000851339198753,0.003162446638046,0.026483069174754,0.005743367748539,-0.007797838994856,0.007423301274854,0.010495407755767
'Q114',-0.014642845180445,-0.0135894029668,-0.003793378395094,-0.018323089619511,-0.067111352007089,-0.007968099114238,-0.030440683290362,-0.020703555714925,-0.017604385098051
'R114',-0.036392954614729,-0.036566878221074,-0.025177427229885,-0.041138307970397,-0.072352548023801,-0.020638587762778,-0.056499206093288,-0.043768233818948,-0.040698064865868
'D116',-0.034408154168052,-0.034000421741514,-0.012986292405166,-0.043766926558263,-0.126000939134874,-0.017836592285337,-0.072149043196135,-0.049399695406929,-0.042858353307886
'F116',0.018067946448841,0.017915158000588,-0.000209409922054,0.022900676939353,0.017067928908804,0.003474738544864,0.033918322890798,0.026074864870617,0.023702028979091
'H116',-0.006420580405089,-0.006674999373764,-0.004234622827087,-0.007262566960696,-0.012861402066305,-0.0038120877273,-0.009272393387189,-0.007352381052051,-0.007189943339203
'L116',0.00404411686425,0.003974106341098,0.00550364372628,0.004060404997484,0.023303597120549,0.004888553065443,0.005343103284305,0.00328423354551,0.004119054344369
'S116',0.017968640510129,0.018309300407667,0.008542266635313,0.028938966704617,0.089604168233093,0.00517966517229,0.061702183974325,0.029847258276847,0.021413041319457
'Y116',0.000748030749921,0.000476856365925,0.003384414792714,-0.004870555122495,0.008886646938732,0.008105723230041,-0.019542173566105,-0.002454280233994,0.000814172004172
'K127',0.016752537899994,0.016460466794202,0.016422313082557,0.01381407869202,0.008439034829715,0.016918773114146,0.004816315354754,0.011779769158246,0.014751135685342
'N127',-0.016752537899994,-0.016460466794202,-0.016422313082557,-0.01381407869202,-0.008439034829715,-0.016918773114146,-0.004816315354754,-0.011779769158246,-0.014751135685342
'R131',-0.041234349072473,-0.041437299224632,-0.051946796308106,-0.033702286618496,-0.12318441069883,-0.039169032063382,-0.012167668202981,-0.028131025953559,-0.032852917964749
'S131',0.041234349072473,0.041437299224632,0.051946796308106,0.033702286618496,0.12318441069883,0.039169032063382,0.012167668202981,0.028131025953559,0.032852917964749
'K138',0.004574775015126,0.004588445165144,0.001294744217228,0.00631109763274,0.002996444437434,0.001658253280549,0.010899212203827,0.007101136030664,0.006149491513452
'M138',-0.035910174490396,-0.035671167915281,-0.01399018727264,-0.04750430977535,-0.138936159946473,-0.012820892264607,-0.084613752228999,-0.054142335790044,-0.045339801152642
'T138',0.031335399475271,0.031082722750137,0.012695443055412,0.04119321214261,0.135939715509039,0.011162638984058,0.073714540025172,0.04704119975938,0.039190309639191
'I142',0.021909202461516,0.02162684316395,0.012261036617864,0.024758648956719,0.011266946805264,0.010510047627195,0.030469017425576,0.02701135925683,0.024469266073248
'T142',-0.021909202461516,-0.02162684316395,-0.012261036617864,-0.024758648956719,-0.011266946805264,-0.010510047627195,-0.030469017425576,-0.02701135925683,-0.024469266073248
'S143',-0.01003339708177,-0.010015103749053,-0.009118247199908,-0.010460628376672,-0.01381149351358,-0.007341608239614,-0.010097209885606,-0.008505676413334,-0.008698476013819
'T143',0.01003339708177,0.010015103749053,0.009118247199908,0.010460628376672,0.01381149351358,0.007341608239614,0.010097209885606,0.008505676413334,0.008698476013819
'K144',-0.018032803871778,-0.018392756483094,-0.010021725514831,-0.023663301006252,-0.042469428005003,-0.004252483579643,-0.042011313482888,-0.027408479115775,-0.022693434238762
'Q144',0.018032803871778,0.018392756483094,0.010021725514831,0.023663301006252,0.042469428005003,0.004252483579643,0.042011313482888,0.027408479115775,0.022693434238762
'H145',-0.021909202461516,-0.02162684316395,-0.012261036617864,-0.024758648956719,-0.011266946805264,-0.010510047627195,-0.030469017425576,-0.02701135925683,-0.024469266073248
'L145',0.012176812127439,0.012139036880259,0.012024160074698,0.012139593493196,0.007939942650133,0.009651055546844,0.011934390126196,0.012240106317309,0.012532412361415
'R145',0.009732390334077,0.009487806283691,0.000236876543166,0.012619055463523,0.00332700415513,0.000858992080352,0.018534627299381,0.014771252939521,0.011936853711833
'L147',-0.008696107513229,-0.008751969031347,-0.010613870926488,-0.007598866367757,-0.010512086484418,-0.008172446616091,-0.0028554629961,-0.005037951624862,-0.006257587892834
'W147',0.008696107513229,0.008751969031347,0.010613870926488,0.007598866367757,0.010512086484418,0.008172446616091,0.0028554629961,0.005037951624862,0.006257587892834
'A149',0.015553152216901,0.014041212164836,0.007314774618119,0.017632099564445,0.046343609784212,0.008220787927773,0.026838042983035,0.01990128683961,0.016887372552381
'T149',-0.015553152216901,-0.014041212164836,-0.007314774618119,-0.017632099564445,-0.046343609784212,-0.008220787927773,-0.026838042983035,-0.01990128683961,-0.016887372552381
'A150',0.0054649711793,0.005646484053619,0.004982486143438,0.00647362546158,0.014800379818236,0.002633539614951,0.01108957378482,0.007049143900835,0.006327420433674
'V150',-0.0054649711793,-0.005646484053619,-0.004982486143438,-0.00647362546158,-0.014800379818236,-0.002633539614951,-0.01108957378482,-0.007049143900835,-0.006327420433674
'H151',-0.028669212716684,-0.027381077067156,-0.01392859780846,-0.035595957910498,-0.081767174444246,-0.010461982586798,-0.060528615688692,-0.04129182983374,-0.034124017923678
'R151',0.028669212716684,0.027381077067156,0.01392859780846,0.035595957910498,0.081767174444246,0.010461982586798,0.060528615688692,0.04129182983374,0.034124017923678
'A152',-0.012834767529818,-0.013044918894322,-0.014867423203948,-0.011662567460037,-0.023370811812983,-0.01015723871455,-0.010310015239797,-0.011900977041102,-0.012547140763128
'E152',0.003721819461855,0.005854855821564,-0.011950263596087,0.019204844841025,0.045299167204337,-0.008243999541971,0.057076324208413,0.023607552880006,0.015225145553471
'R152',-0.004360226128606,-0.004670872814588,-0.002961627359417,-0.005372459754469,-0.012916551602943,-0.001987657335263,-0.008691398274127,-0.005488707366409,-0.00513799116411
'T152',0.000813680287372,0.000789917667184,-0.001362015592445,0.002189141256843,0.002289580120748,-0.000853223464505,0.006323663896219,0.002791856743541,0.001913191363937
'V152',0.016995270485512,0.015510975217546,0.034116976534532,0.000332646094373,-0.004441255328423,0.024018904274216,-0.039072040637733,-0.004256750774022,0.005258091318685
'W152',-0.004335776576316,-0.004439956997384,-0.002975646782635,-0.004691604977735,-0.006860128580736,-0.002776785217928,-0.005326533952975,-0.004752974442015,-0.004711296308856
'D156',-0.012576825256334,-0.012893790395356,-0.009167959333932,-0.015625659336933,0.000915833385169,-0.007176073084112,-0.022962210580723,-0.015700300067451,-0.014008973895701
'L156',0.015167150539238,0.014371119900529,0.028615733227209,0.008979947201891,0.0142644759543,0.016620267562375,-0.001588333158057,0.008629628132292,0.010594051136372
'Q156',0.016910194446615,0.016599693671018,0.010546989646652,0.017485469613804,0.001488037438426,0.011596066010784,0.016690639184615,0.017292630861366,0.017326017696619
'R156',0.010252061208505,0.009896768399478,-0.006765694197099,0.016806161034592,3.99E-05,-0.000314320116116,0.032036359727253,0.019757449392727,0.015971579641342
'W156',-0.029752580938024,-0.027973791575668,-0.02322906934283,-0.027645918513353,-0.016708229035766,-0.020725940372931,-0.024176455173086,-0.029979408318934,-0.029882674578632
'A158',0.005351283333178,0.005499503062773,0.005283121032288,0.008311046333398,0.010718476255042,0.002641988521542,0.018777098290563,0.00960051820549,0.007622139179462
'T158',0.000113687846121,0.000146980990846,-0.000300634888851,-0.001837420871818,0.004081903563194,-8.45E-06,-0.007687524505743,-0.002551374304655,-0.001294718745787
'V158',-0.0054649711793,-0.005646484053619,-0.004982486143438,-0.00647362546158,-0.014800379818236,-0.002633539614951,-0.01108957378482,-0.007049143900835,-0.006327420433674
'D161',-0.004899957130753,-0.004941285154007,-0.003458925724645,-0.005303747179618,-0.006997975260125,-0.002970993085734,-0.006358452963938,-0.005512500057691,-0.005305361164231
'E161',0.004899957130753,0.004941285154007,0.003458925724645,0.005303747179618,0.006997975260125,0.002970993085734,0.006358452963938,0.005512500057691,0.005305361164231
'D162',-0.003810106205006,-0.00377581410284,-0.003343721085266,-0.004203797543252,0.002295918612436,-0.002648209411786,-0.004976659819798,-0.004834561515655,-0.004538886758329
'G162',0.003810106205006,0.00377581410284,0.003343721085266,0.004203797543252,-0.002295918612436,0.002648209411786,0.004976659819798,0.004834561515655,0.004538886758329
'E163',-0.01234607438698,-0.012830395203811,-0.009966059692104,-0.015217975555435,-0.025022233630195,-0.009272354794715,-0.019708511765918,-0.013156093801618,-0.012013282867793
'L163',0.033575540395121,0.034349592937863,0.041371245875243,0.036555348510576,0.107378978410951,0.028882265785087,0.046794379838741,0.034809583615796,0.032065976679547
'R163',-0.013003630348604,-0.012128403146451,-0.007412741168001,-0.015301301297814,-0.047621896215445,-0.006398396947812,-0.026053319573553,-0.017477392760557,-0.01483731380842
'T163',-0.008225835659537,-0.0093907945876,-0.023992445015138,-0.006036071657327,-0.034734848565312,-0.013211514042559,-0.00103254849927,-0.004176097053621,-0.005215380003333
'D166',0.016612949043825,0.015919501477426,0.011758775696038,0.015202978402214,0.003625259937794,0.013717679445913,0.007602077554122,0.01469176046243,0.015566766289649
'E166',-0.016612949043825,-0.015919501477426,-0.011758775696038,-0.015202978402214,-0.003625259937794,-0.013717679445913,-0.007602077554122,-0.01469176046243,-0.015566766289649
'G167',0.016612949043825,0.015919501477426,0.011758775696038,0.015202978402214,0.003625259937794,0.013717679445913,0.007602077554122,0.01469176046243,0.015566766289649
'S167',0.004522689350744,0.004299019748001,0.005877253629477,0.004033556711748,0.011948029096036,0.003736416247909,0.003634281823843,0.003505912954356,0.003817474127332
'W167',-0.02113563839457,-0.020218521225427,-0.017636029325515,-0.019236535113962,-0.015573289033831,-0.017454095693822,-0.011236359377965,-0.018197673416786,-0.019384240416981
'G170',0.004578374191156,0.004634145504282,0.001911073933324,0.006389759060339,0.000958899779319,0.001653327884062,0.011544811820141,0.007311185323261,0.006263329274595
'R170',-0.004578374191156,-0.004634145504282,-0.001911073933324,-0.006389759060339,-0.000958899779319,-0.001653327884062,-0.011544811820141,-0.007311185323261,-0.006263329274595
'H171',-0.007495987968433,-0.007437325399613,-0.004936364356642,-0.011117590782276,-0.000405197860409,-0.00309481322123,-0.023513650426055,-0.011161340593165,-0.008777035976231
'Y171',0.007495987968433,0.007437325399613,0.004936364356642,0.011117590782276,0.000405197860409,0.00309481322123,0.023513650426055,0.011161340593164,0.008777035976231
'E173',-0.000746192596914,-0.000906658098941,0.00254100824157,-0.005426839509489,-0.009631046483753,0.003701479982443,-0.020810536174692,-0.007104010779744,-0.003579368178023
'K173',0.000746192596914,0.000906658098941,-0.00254100824157,0.005426839509489,0.009631046483753,-0.003701479982443,0.020810536174692,0.007104010779744,0.003579368178023
'D177',-0.034499894673872,-0.034500955474296,-0.027473031576632,-0.039442855147784,-0.027328688667404,-0.021689591180409,-0.050797992504853,-0.038047258642599,-0.035899365841056
'E177',0.029111439371374,0.029122592641968,0.027540302951849,0.030942616258202,0.022042664109222,0.020884561364365,0.033575116404807,0.028154265868393,0.027836682963667
'K177',0.005388455302498,0.005378362832328,-6.73E-05,0.008500238889582,0.005286024558182,0.000805029816044,0.017222876100046,0.009892992774206,0.008062682877389
'K178',-0.019413310596359,-0.019355401744677,-0.015299913146814,-0.022158125453945,-0.018264161222466,-0.012430312996095,-0.028084743833661,-0.021152838766477,-0.020096344661638
'T178',0.019413310596359,0.019355401744677,0.015299913146814,0.022158125453945,0.018264161222466,0.012430312996095,0.028084743833661,0.021152838766477,0.020096344661638
'E180',-0.034499894673872,-0.034500955474296,-0.027473031576632,-0.039442855147784,-0.027328688667404,-0.021689591180409,-0.050797992504853,-0.038047258642599,-0.035899365841056
'Q180',0.034499894673872,0.034500955474296,0.027473031576632,0.039442855147784,0.027328688667404,0.021689591180409,0.050797992504853,0.038047258642599,0.035899365841056
'A182',0.035910174490396,0.035671167915281,0.013990187272639,0.04750430977535,0.138936159946472,0.012820892264607,0.084613752228998,0.054142335790044,0.045339801152642
'T182',-0.035910174490396,-0.035671167915281,-0.01399018727264,-0.04750430977535,-0.138936159946473,-0.012820892264607,-0.084613752228999,-0.054142335790045,-0.045339801152643
'D183',-0.040228473199721,-0.040110914324833,0.001349109738681,-0.066055357980632,-0.053429935377328,-0.002665511552312,-0.140112466677074,-0.076291432477547,-0.059780345466401
'E183',0.040228473199721,0.040110914324833,-0.001349109738681,0.066055357980632,0.053429935377328,0.002665511552312,0.140112466677074,0.076291432477547,0.059780345466401
